CREATE TABLE USER(
    ID BIGINT(20) PRIMARY KEY , 
    USERNAME VARCHAR(50) NOT NULL,
    EMAIL VARCHAR(50) NOT NULL,
    USERPASSWORD VARCHAR(150) NOT NULL 
)ENGINE=InnoDB DEFAULT CHARSET=utf8;

CREATE TABLE ROLES(
    ID BIGINT(10) PRIMARY KEY ,
    NAMEROLE VARCHAR(30) NOT NULL
)ENGINE=InnoDB DEFAULT CHARSET=utf8;

CREATE TABLE USER_ROLES(
    USER_ID BIGINT(10) NOT NULL,
    ROLE_ID BIGINT(10) NOT NULL,
    PRIMARY KEY (USER_ID, ROLE_ID),
    FOREIGN KEY(USER_ID) REFERENCES USER(ID),
    FOREIGN KEY (ROLE_ID) REFERENCES ROLES(ID)
)ENGINE=InnoDB DEFAULT CHARSET=utf8;


INSERT INTO USER (ID, USERNAME, EMAIL, USERPASSWORD) values (1, 'Administrador', 'admin@algamoney.com', '$2a$10$X607ZPhQ4EgGNaYKt3n4SONjIv9zc.VMWdEuhCuba7oLAL5IvcL5.');
INSERT INTO USER (ID, USERNAME, EMAIL, USERPASSWORD) values (2, 'Maria Silva', 'maria@algamoney.com', '$2a$10$Zc3w6HyuPOPXamaMhh.PQOXvDnEsadztbfi6/RyZWJDzimE8WQjaq');

INSERT INTO ROLES (ID, NAMEROLE) values (1, 'ROLE_CADASTRAR_CATEGORIA');
INSERT INTO ROLES (ID, NAMEROLE) values (2, 'ROLE_PESQUISAR_CATEGORIA');

INSERT INTO ROLES (ID, NAMEROLE) values (3, 'ROLE_CADASTRAR_PESSOA');
INSERT INTO ROLES (ID, NAMEROLE) values (4, 'ROLE_REMOVER_PESSOA');
INSERT INTO ROLES (ID, NAMEROLE) values (5, 'ROLE_PESQUISAR_PESSOA');

INSERT INTO ROLES (ID, NAMEROLE) values (6, 'ROLE_CADASTRAR_LANCAMENTO');
INSERT INTO ROLES (ID, NAMEROLE) values (7, 'ROLE_REMOVER_LANCAMENTO');
INSERT INTO ROLES (ID, NAMEROLE) values (8, 'ROLE_PESQUISAR_LANCAMENTO');

-- admin
INSERT INTO USER_ROLES (USER_ID, ROLE_ID) values (1, 1);
INSERT INTO USER_ROLES (USER_ID, ROLE_ID) values (1, 2);
INSERT INTO USER_ROLES (USER_ID, ROLE_ID) values (1, 3);
INSERT INTO USER_ROLES (USER_ID, ROLE_ID) values (1, 4);
INSERT INTO USER_ROLES (USER_ID, ROLE_ID) values (1, 5);
INSERT INTO USER_ROLES (USER_ID, ROLE_ID) values (1, 6);
INSERT INTO USER_ROLES (USER_ID, ROLE_ID) values (1, 7);
INSERT INTO USER_ROLES (USER_ID, ROLE_ID) values (1, 8);

-- maria
INSERT INTO USER_ROLES (USER_ID, ROLE_ID) values (2, 2);
INSERT INTO USER_ROLES (USER_ID, ROLE_ID) values (2, 5);
INSERT INTO USER_ROLES (USER_ID, ROLE_ID) values (2, 8);